Name,Email,Mobile,Password,Course,Year,Gender
"MISHA PATEL",25dit059@charusat.edu.in,9712172698,$2y$10$TyGyjLJ4SOmkzo5GOt8Xc.HK5NT8pT702MDR.P166Bpj3G1uwGkN.,B.Tech,2,Female
"MISHA PATEL",25dit059@charusat.edu.in,9712172698,$2y$10$Ix..jUtUiQj0ba5ZRLESseOcwFO3EL.C28b.loY/trJBXtjLk5cOS,B.Tech,2,Female
"MISHA PATEL",25dit059@charusat.edu.in,9712172698,$2y$10$PdMYREAvMDGmi9jGh0uBJeDGu0Wsq.cRfU49z6liwHYiTcJRphPgm,B.Tech,2,Female
"MISHA PATEL",25dit059@charusat.edu.in,9712172698,$2y$10$2vnvaDSoEis7FCtQcD9S2.6zxk8TWpbjx/ufWJ8wBbm94Ne1DPZDS,B.Tech,2,Female
"MISHA PATEL",25dit059@charusat.edu.in,9712172698,$2y$10$mWmDKMyXP7vtxipKsIuaoeUGMQmLUz.Zb.aG18gV.qMpNNOoUJotu,BBA,2,Female
"MISHA PATEL",25dit059@charusat.edu.in,9712172698,$2y$10$nD5fADNhxwOiUmDKNt8yJu8bAkWTfuQTPyevpO9Pv9g8xQi6PqdVe,BBA,2,Female
"MISHA PATEL",25dit059@charusat.edu.in,9712172698,$2y$10$sjioBwdgiPH7fz4YjK3jzuJd36U1BoFO9eXMRarupkcSRd/wWdK7.,BBA,2,Female
"MISHA PATEL",25dit059@charusat.edu.in,9712172698,$2y$10$5qfUO6R8oYXqP/7/2z969OFLuHLpxHjw1teTke1o56/OQh4c4K/oy,BBA,2,Female
"MISHA PATEL",25dit059@charusat.edu.in,9712172698,$2y$10$UvWh5TQz.5rRHtLmsgTO7OMhHpe2.or76rKsNVoz9ab60Qtv86E4u,BBA,2,Female
"MISHA PATEL",25dit059@charusat.edu.in,9712172698,$2y$10$JSP0Noia8VtbjXDrRpo/0u9xFcMfaPVHvF4deMwhseYa9FmA3Xsgq,B.Tech,2,Female
